No,filename,diag_pred,diag_gt,age,site,sex
74,NC_019_S_4835_201807_09_FC,1,0,85.0,4,1
59,LMCI_130_S_4542_201303_05_FC,1,1,80.0,4,0
72,LMCI_013_S_4395_201208_05_FC,1,1,73.0,4,0
83,LMCI_130_S_4250_201210_05_FC,1,1,80.0,4,1
42,AD_011_S_6303_201804_01_FC,1,2,70.0,4,1
21,OAS31083_MR_d0091,0,0,74.037,5,0
11,LMCI_027_S_4869_201705_01_FC,1,1,82.0,4,1
3,AD_006_S_4153_201111_08_FC,2,2,79.0,4,1
47,LMCI_130_S_4294_201202_06_FC,1,1,76.0,4,0
40,AD_130_S_4730_201212_07_FC,2,2,81.0,4,0
17,AD_006_S_4867_201208_06_FC,2,2,74.0,4,1
69,LMCI_130_S_4250_201110_06_FC,1,1,79.0,4,1
30,LMCI_130_S_4817_201210_05_FC,1,1,61.0,4,1
25,LMCI_067_S_4767_201706_01_FC,0,1,71.0,4,0
76,LMCI_002_S_4654_201304_05_FC,1,1,77.0,4,0
13,LMCI_002_S_4521_201209_05_FC,1,1,71.0,4,1
23,LMCI_037_S_4214_201702_01_FC,1,1,80.0,4,1
65,AFM0407,0,0,50.0,3,0
4,LMCI_006_S_4363_201202_05_FC,1,1,74.0,4,0
26,LMCI_023_S_4115_201801_01_FC,1,1,74.0,4,1
56,NC_141_S_6042_201708_01_FC,0,0,61.0,4,0
91,LMCI_013_S_4395_201204_05_FC,1,1,73.0,4,0
37,AD_037_S_6230_201806_01_FC,1,2,68.0,4,0
41,AD_053_S_5070_201402_05_FC,2,2,72.0,4,1
52,OAS30715_MR_d1230,0,0,52.813,5,1
89,LMCI_019_S_4293_201110_04_FC,1,1,70.0,4,1
12,AD_130_S_4984_201309_05_FC,2,2,73.0,4,0
87,AFM0212,0,0,65.0,3,0
66,AD_130_S_4641_201204_05_FC,2,2,73.0,4,0
14,OAS30899_MR_d1616,0,0,74.661,5,1
55,OAS31021_MR_d1318,0,0,61.511,5,1
16,NC_006_S_4357_201111_05_FC,1,0,74.0,4,0
33,AD_006_S_4192_201109_09_FC,2,2,82.0,4,1
60,LMCI_018_S_4889_201208_08_FC,1,1,76.0,4,1
92,AD_019_S_4477_201302_05_FC,2,2,83.0,4,0
53,LMCI_035_S_4414_201710_01_FC,1,1,66.0,4,0
44,OAS30992_MR_d0470,0,0,64.457,5,0
79,LMCI_130_S_4250_201204_06_FC,1,1,79.0,4,1
34,AD_130_S_4971_201210_05_FC,2,2,76.0,4,1
71,LMCI_012_S_4094_201709_01_FC,1,1,66.0,4,0
70,OAS30996_MR_d4705,0,0,62.606,5,0
29,LMCI_130_S_4294_201211_06_FC,1,1,76.0,4,0
68,LMCI_009_S_4324_201807_01_FC,1,1,70.0,4,0
84,LMCI_002_S_4229_201109_07_FC,1,1,66.0,4,1
20,LMCI_130_S_4925_201410_06_FC,1,1,77.0,4,1
67,LMCI_031_S_4590_201210_05_FC,1,1,61.0,4,0
51,LMCI_002_S_4521_201205_05_FC,1,1,70.0,4,1
19,LMCI_013_S_4595_201208_05_FC,1,1,77.0,4,1
50,NC_082_S_4224_201803_01_FC,0,0,82.0,4,1
24,AFM0106,0,0,78.0,3,0
88,NC_109_S_6405_201807_01_FC,0,0,71.0,4,0
5,AFM0469,0,0,60.0,3,1
1,NC_007_S_6255_201803_01_FC,0,0,75.0,4,0
58,OAS30248_MR_d0078,0,0,68.501,5,1
61,AD_006_S_4867_201310_05_FC,2,2,75.0,4,1
27,LMCI_130_S_4294_201111_06_FC,1,1,75.0,4,0
9,AD_130_S_4997_201211_05_FC,1,2,60.6,4,0
18,LMCI_036_S_4715_201710_01_FC,2,1,62.0,4,0
64,AFM0459,0,0,70.0,3,1
77,AD_006_S_4546_201209_06_FC,2,2,71.0,4,1
28,AD_006_S_4153_201309_05_FC,2,2,81.0,4,1
35,LMCI_002_S_4521_201603_06_FC,1,1,74.0,4,1
85,LMCI_006_S_4713_201208_07_FC,1,1,71.0,4,1
0,OAS31153_MR_d1239,0,0,62.828,5,1
39,OAS30096_MR_d0024,0,0,67.403,5,0
73,LMCI_019_S_4293_201806_09_FC,1,1,76.0,4,1
80,LMCI_135_S_4722_201807_01_FC,0,1,74.0,4,0
36,OAS30253_MR_d2541,0,0,54.971,5,0
32,LMCI_031_S_4721_201208_05_FC,1,1,86.0,4,1
90,LMCI_002_S_4229_201310_06_FC,1,1,69.0,4,1
57,AD_011_S_4827_201708_01_FC,1,2,71.0,4,1
43,LMCI_002_S_4654_201206_05_FC,1,1,76.0,4,0
15,AD_130_S_4660_201210_07_FC,2,2,77.0,4,0
93,LMCI_013_S_4595_201210_05_FC,1,1,77.0,4,1
38,AD_018_S_4696_201211_06_FC,2,2,73.0,4,0
86,LMCI_006_S_4515_201209_06_FC,1,1,75.0,4,1
54,AD_006_S_4192_201112_06_FC,2,2,82.0,4,1
62,NC_941_S_4292_201708_01_FC,0,0,77.0,4,1
6,LMCI_002_S_4654_201705_01_FC,1,1,81.0,4,0
95,AD_019_S_6573_201809_09_FC,2,2,87.7,4,1
94,AFM0409,0,0,64.0,3,1
82,OAS30701_MR_d0054,0,0,45.977,5,0
8,AD_130_S_4990_201304_05_FC,2,2,76.0,4,0
31,AD_006_S_4546_201203_07_FC,2,2,71.0,4,1
63,AD_130_S_4730_201306_07_FC,2,2,82.0,4,0
81,LMCI_130_S_4294_201205_05_FC,1,1,76.0,4,0
10,NC_033_S_1016_201712_01_FC,0,0,89.0,4,0
78,NC_135_S_6360_201805_01_FC,0,0,68.0,4,1
45,LMCI_035_S_4114_201709_01_FC,0,1,61.0,4,0
2,AD_006_S_4867_201208_05_FC,2,2,74.0,4,1
46,AD_010_S_5163_201305_05_FC,1,2,70.0,4,0
48,LMCI_006_S_4713_201306_06_FC,1,1,72.0,4,1
75,LMCI_012_S_4094_201201_05_FC,1,1,61.0,4,0
49,NC_037_S_0303_201705_01_FC,1,0,95.0,4,1
22,OAS30673_MR_d2417,0,0,45.265,5,0
7,AD_130_S_5006_201311_05_FC,2,2,69.0,4,0
